Workbook

Sheet Player Skills
A1: ID | B1: Skill Name | C1: Element Type | D1: Cost (energy) | E1: PrepTime (seconds) | F1: Target | G1: Intensity (Damage / Heal) | H1: Prefect Multiplier | I1: Perfectable? | J1: Skill Description
A2: 0 | B2: Strike | C2: Purity | D2: 0 | E2: 3 | F2: SingleEnemy | G2: 1 | H2: 1 | I2: FALSE | J2: Deals 1 neutral damage with no perfect multiplier.
A3: 1 | B3: Bash | C3: Purity | D3: 1 | E3: 2 | F3: SingleEnemy | G3: 2 | H3: 1.5 | I3: TRUE | J3: Deals 2 neutral damage with 1.5x perfect multiplier.
A4: 2 | B4: Heavy Bash | C4: Purity | D4: 2 | E4: 3 | F4: SingleEnemy | G4: 6 | H4: 2 | I4: TRUE | J4: Deals 6 neutral damage with 2x perfect multiplier.
A5: 3 | B5: Wait | C5: Purity | D5: 0 | E5: 1 | F5: Self | G5: 0 | H5: 1 | I5: FALSE | J5: Just waits 1 second.
A6: 4 | B6: Focus | C6: Purity | D6: 1 | E6: 2 | F6: Self | G6: 1 | H6: 2 | I6: FALSE | J6: Your next attack will do 50% more damage for each stack of Focus. Lose all Focus when taking damage.
A7: 5 | B7: Barrage | C7: Power | D7: 1 | E7: 1 | F7: SingleEnemy | G7: 1 | H7: 1.5 | I7: TRUE | J7: Deals 1 red damage with 1.5x perfect multiplier.
A8: 6 | B8: Headbutt | C8: Money | D8: 3 | E8: 3 | F8: SingleEnemy | G8: 4 | H8: 2 | I8: TRUE | J8: Deals 4 green damage 2ith 2x perfect multiplier.
A9: 7 | B9: Calm Punch | C9: Fame | D9: 2 | E9: 2 | F9: SingleEnemy | G9: 2 | H9: 1.5 | I9: TRUE | J9: Deals 2 blue damage with 1.5x perfect multiplier.
A10: 8 | B10: Focused Strike | C10: Fame | D10: 1 | E10: 2 | F10: SingleEnemy | G10: 1 | H10: 1.5 | I10: TRUE | J10: Deals 1 blue damage with 1.5x perfect multiplier. Applies 1 stack of focus.
A11: 9 | B11: Strong Swing | C11: Power | D11: 4 | E11: 5 | F11: SingleEnemy | G11: 5 | H11: 2 | I11: TRUE | J11: Deals 5 red damage with 2x perfect multiplier.
A12: 10 | B12: Poke | C12: Money | D12: 1 | E12: 1 | F12: SingleEnemy | G12: 1 | H12: 1.5 | I12: TRUE | J12: Deals 1 green damage with 1.5x perfect multiplier.
A13: 11 | B13: Devistating Blow | C13: Corruption

Sheet Enemies
A1: ID | B1: Enemy Name | C1: Element Type | D1: Max HP | E1: PatternByRound
A2: 0 | B2: Shameling | C2: Power | D2: 10 | E2: 0
A3: 1 | B3: NewYear | C3: Money | D3: 20 | E3: 0-1
A4: 2 | B4: Shamefool | C4: Fame | D4: 20 | E4: 0
A5: 3 | B5: OldYear | C5: Purity | D5: 20 | E5: 0-1
A6: 4 | B6: TongueTwister | C6: Corruption | D6: 200 | E6: 0-1-0-2

Sheet Attack Patterns
A1: Enemy ID | B1: Pattern ID | C1: Timeline Change Priority | D1: Timeline Combat Time Pref | E1: Timeline Combat Speed Pref | F1: Action Type | G1: Damage | H1: Delay Before Action | I1: Delay After Action | J1: Play Anim | K1: Anim Windup Start | L1: Anim Windup End | M1: One Off
A2: 0 | B2: 0 | C2: 1 | D2: 6 | E2: 1 | F2: None | G2: 0 | H2: 0.5 | I2: 0 | J2: FALSE | K2: 0 | L2: 0 | M2: TRUE
A3: 0 | B3: 0 | C3: 1 | D3: 6 | E3: 1 | F3: EnemyAtk | G3: 1 | H3: 0.5 | I3: 0.5 | J3: TRUE | K3: 0.25 | L3: 0.25 | M3: FALSE
A4: 1 | B4: 0 | C4: 2 | D4: 6 | E4: 1 | F4: None | G4: 0 | H4: 2 | I4: 0 | J4: FALSE | K4: 0 | L4: 0 | M4: FALSE
A5: 1 | B5: 0 | C5: 2 | D5: 6 | E5: 1 | F5: SpeedUp | G5: 1 | H5: 1 | I5: 1 | J5: TRUE | K5: 0.5 | L5: 0.5 | M5: FALSE
A6: 1 | B6: 1 | C6: 2 | D6: 12 | E6: 1 | F6: SpeedUp | G6: 1 | H6: 1 | I6: 1 | J6: TRUE | K6: 0.5 | L6: 0.5 | M6: FALSE
A7: 2 | B7: 0 | C7: 1 | D7: 6 | E7: 1 | F7: None | G7: 0 | H7: 2 | I7: 0 | J7: FALSE | K7: 0 | L7: 0 | M7: TRUE
A8: 2 | B8: 0 | C8: 1 | D8: 6 | E8: 1 | F8: EnemyAtk | G8: 2 | H8: 0.25 | I8: 0.25 | J8: TRUE | K8: 0.125 | L8: 0.125 | M8: FALSE
A9: 2 | B9: 0 | C9: 1 | D9: 6 | E9: 1 | F9: EnemyAtk | G9: 2 | H9: 0.25 | I9: 0.25 | J9: TRUE | K9: 0.125 | L9: 0.125 | M9: FALSE
A10: 3 | B10: 0 | C10: 2 | D10: 6 | E10: 1 | F10: None | G10: 0 | H10: 2 | I10: 0 | J10: FALSE | K10: 0 | L10: 0 | M10: FALSE
A11: 3 | B11: 0 | C11: 2 | D11: 6 | E11: 1 | F11: SpeedDown | G11: 1 | H11: 1 | I11: 0.5 | J11: TRUE | K11: 0.5 | L11: 0.5 | M11: FALSE
A12: 3 | B12: 1 | C12: 2 | D12: 8 | E12: 1 | F12: SpeedDown | G12: 1 | H12: 1 | I12: 1.5 | J12: TRUE | K12: 0.5 | L12: 0.5 | M12: FALSE
A13: 4 | B13: 0 | C13: 5 | D13: 6 | E13: 1 | F13: EnemyAtk | G13: 5 | H13: 1.5 | I13: 0.5 | J13: TRUE | K13: 1 | L13: 0.25 | M13: FALSE
... A18: 4 | B18: 2 | C18: 5 | D18: 12 | E18: 1 | F18: None | G18: 0 | H18: 1 | I18: 0 | J18: FALSE | K18: 0 | L18: 0 | M18: FALSE

Sheet Enemy Encounters
A1: ID | B1: Enemy 1 | C1: Enemy 2 | D1: Enemy 3 | E1: Enemy 4 | F1: Enemy 5 | G1: Enemy 1 offset | H1: Enemy 2 offset | I1: Enemy 3 offset | J1: Enemy 4 offset | K1: Enemy 5 offset | L1: Type
A2: 0 | B2: Shameling | C2: Shameling | D2: None | E2: None | F2: None | G2: 0 | H2: 0.5 | I2: 0 | J2: 0 | K2: 0 | L2: Regular
A3: 1 | B3: Shameling | C3: NewYear | D3: None | E3: None | F3: None | G3: 0 | H3: 0 | I3: 0 | J3: 0 | K3: 0 | L3: Regular
A4: 2 | B4: Shameling | C4: Shamefool | D4: None | E4: None | F4: None | G4: 0 | H4: 0 | I4: 0 | J4: 0 | K4: 0 | L4: Regular
A5: 3 | B5: Shameling | C5: Shameling | D5: Shamefool | E5: None | F5: None | G5: 0 | H5: 0.5 | I5: 0 | J5: 0 | K5: 0 | L5: Regular
A6: 4 | B6: NewYear | C6: OldYear | D6: Shameling | E6: None | F6: None | G6: 0 | H6: 0 | I6: 0 | J6: 0 | K6: 0 | L6: Regular
A7: 5 | B7: OldYear | C7: Shamefool | D7: None | E7: None | F7: None | G7: 0 | H7: 0 | I7: 0 | J7: 0 | K7: 0 | L7: Regular
A8: 6 | B8: TongueTwister | C8: None | D8: None | E8: None | F8: None | G8: 0 | H8: 0 | I8: 0 | J8: 0 | K8: 0 | L8: Scripted

Sheet Design
A1: Skill Design
A2: Skill Name | B2: Elemental Type | C2: Skill Type | D2: Self Intensity | E2: Intensity | F2: Preptime | G2: Energy Cost | H2: Perfectable? | I2: Perfect Hit Multiplier | J2: Perfect Intensity | K2: Elemental Disadvantage Intensity | L2: Elemental Advantage Intensity | M2: Elemental Disadvantage w/Perfect | N2: Elemental Advantage w/Perfect | O2: Intensity per Second (IPS) | P2: Perfect IPS | Q2: Disadvantage IPS | R2: Advantage IPS | S2: Perfect Disadvantage IPS | T2: Perfect Advantage IPS | U2: Elements | V2: Perfect + Elements
A3: Strike | B3: Purity | C3: SingleEnemy | D3: 0 | E3: 1 | F3: 3 | G3: 0 | H3: FALSE | I3: 1 | J3: =ROUNDUP(Table6[[#This Row],[Intensity]]*Table6[[#This Row],[Perfect Hit Multiplier]], 0) -> 1 | K3: =ROUNDUP(Table6[[#This Row],[Intensity]]*0.5,0) -> 1 | L3: =ROUNDUP(Table6[[#This Row],[Intensity]]*2,0) -> 2 | M3: =ROUNDUP(Table6[[#This Row],[Intensity]]*Table6[[#This Row],[Perfect Hit Multiplier]]*0.5, 0) -> 1 | N3: =ROUNDUP(Table6[[#This Row],[Intensity]]*Table6[[#This Row],[Perfect Hit Multiplier]]*2, 0) -> 2 | O3: =ROUND(Table6[[#This Row],[Intensity]]/Table6[[#This Row],[Preptime]], 2) -> 0.33 | P3: =ROUND((Table6[[#This Row],[Intensity]]*Table6[[#This Row],[Perfect Hit Multiplier]])/Table6[[#This Row],[Preptime]], 2) -> 0.33 | Q3: =ROUND((Table6[[#This Row],[Intensity]]* 0.5)/Table6[[#This Row],[Preptime]], 2) -> 0.17 | R3: =ROUND((Table6[[#This Row],[Intensity]]* 2)/Table6[[#This Row],[Preptime]], 2) -> 0.67 | S3: =ROUNDUP((Table6[[#This Row],[Intensity]]*Table6[[#This Row],[Perfect Hit Multiplier]]*0.5)/Table6[[#This Row],[Preptime]], 2) -> 0.17 | T3: =ROUNDUP((Table6[[#This Row],[Intensity]]*Table6[[#This Row],[Perfect Hit Multiplier]]*2)/Table6[[#This Row],[Preptime]], 2) -> 0.67 | U3: =IF(Table6[[#This Row],[Elemental Type]] = Tools!$A$2,FALSE,TRUE) -> TRUE | V3: =IF(Table6[[#This Row],[Perfectable?]],IF(Table6[[#This Row],[Elements]], TRUE, FALSE),FALSE) -> FALSE
A4: Bash | B4: Purity | C4: SingleEnemy | D4: 0 | E4: 2 | F4: 2 | G4: 1 | H4: TRUE | I4: 1.5 | J4: =ROUNDUP(Table6[[#This Row],[Intensity]]*Table6[[#This Row],[Perfect Hit Multiplier]], 0) -> 3 | K4: =ROUNDUP(Table6[[#This Row],[Intensity]]*0.5,0) -> 1 | L4: =ROUNDUP(Table6[[#This Row],[Intensity]]*2,0) -> 4 | M4: =ROUNDUP(Table6[[#This Row],[Intensity]]*Table6[[#This Row],[Perfect Hit Multiplier]]*0.5, 0) -> 2 | N4: =ROUNDUP(Table6[[#This Row],[Intensity]]*Table6[[#This Row],[Perfect Hit Multiplier]]*2, 0) -> 6 | O4: =ROUND(Table6[[#This Row],[Intensity]]/Table6[[#This Row],[Preptime]], 2) -> 1 | P4: =ROUND((Table6[[#This Row],[Intensity]]*Table6[[#This Row],[Perfect Hit Multiplier]])/Table6[[#This Row],[Preptime]], 2) -> 1.5 | Q4: =ROUND((Table6[[#This Row],[Intensity]]* 0.5)/Table6[[#This Row],[Preptime]], 2) -> 0.5 | R4: =ROUND((Table6[[#This Row],[Intensity]]* 2)/Table6[[#This Row],[Preptime]], 2) -> 2 | S4: =ROUNDUP((Table6[[#This Row],[Intensity]]*Table6[[#This Row],[Perfect Hit Multiplier]]*0.5)/Table6[[#This Row],[Preptime]], 2) -> 0.75 | T4: =ROUNDUP((Table6[[#This Row],[Intensity]]*Table6[[#This Row],[Perfect Hit Multiplier]]*2)/Table6[[#This Row],[Preptime]], 2) -> 3 | U4: =IF(Table6[[#This Row],[Elemental Type]] = Tools!$A$2,FALSE,TRUE) -> TRUE | V4: =IF(Table6[[#This Row],[Perfectable?]],IF(Table6[[#This Row],[Elements]], TRUE, FALSE),FALSE) -> TRUE
A5: Heavy Bash | B5: Purity | C5: SingleEnemy | D5: 0 | E5: 5 | F5: 3 | G5: 2 | H5: TRUE | I5: 2 | J5: =ROUNDUP(Table6[[#This Row],[Intensity]]*Table6[[#This Row],[Perfect Hit Multiplier]], 0) -> 10 | K5: =ROUNDUP(Table6[[#This Row],[Intensity]]*0.5,0) -> 3 | L5: =ROUNDUP(Table6[[#This Row],[Intensity]]*2,0) -> 10 | M5: =ROUNDUP(Table6[[#This Row],[Intensity]]*Table6[[#This Row],[Perfect Hit Multiplier]]*0.5, 0) -> 5 | N5: =ROUNDUP(Table6[[#This Row],[Intensity]]*Table6[[#This Row],[Perfect Hit Multiplier]]*2, 0) -> 20 | O5: =ROUND(Table6[[#This Row],[Intensity]]/Table6[[#This Row],[Preptime]], 2) -> 1.67 | P5: =ROUND((Table6[[#This Row],[Intensity]]*Table6[[#This Row],[Perfect Hit Multiplier]])/Table6[[#This Row],[Preptime]], 2) -> 3.33 | Q5: =ROUND((Table6[[#This Row],[Intensity]]* 0.5)/Table6[[#This Row],[Preptime]], 2) -> 0.83 | R5: =ROUND((Table6[[#This Row],[Intensity]]* 2)/Table6[[#This Row],[Preptime]], 2) -> 3.33 | S5: =ROUNDUP((Table6[[#This Row],[Intensity]]*Table6[[#This Row],[Perfect Hit Multiplier]]*0.5)/Table6[[#This Row],[Preptime]], 2) -> 1.67 | T5: =ROUNDUP((Table6[[#This Row],[Intensity]]*Table6[[#This Row],[Perfect Hit Multiplier]]*2)/Table6[[#This Row],[Preptime]], 2) -> 6.67 | U5: =IF(Table6[[#This Row],[Elemental Type]] = Tools!$A$2,FALSE,TRUE) -> TRUE | V5: =IF(Table6[[#This Row],[Perfectable?]],IF(Table6[[#This Row],[Elements]], TRUE, FALSE),FALSE) -> TRUE
A6: Wait | B6: Purity | C6: Self | D6: 0 | E6: 0 | F6: 1 | G6: 0 | H6: FALSE | I6: 1 | J6: =ROUNDUP(Table6[[#This Row],[Intensity]]*Table6[[#This Row],[Perfect Hit Multiplier]], 0) -> 0 | K6: =ROUNDUP(Table6[[#This Row],[Intensity]]*0.5,0) -> 0 | L6: =ROUNDUP(Table6[[#This Row],[Intensity]]*2,0) -> 0 | M6: =ROUNDUP(Table6[[#This Row],[Intensity]]*Table6[[#This Row],[Perfect Hit Multiplier]]*0.5, 0) -> 0 | N6: =ROUNDUP(Table6[[#This Row],[Intensity]]*Table6[[#This Row],[Perfect Hit Multiplier]]*2, 0) -> 0 | O6: =ROUND(Table6[[#This Row],[Intensity]]/Table6[[#This Row],[Preptime]], 2) -> 0 | P6: =ROUND((Table6[[#This Row],[Intensity]]*Table6[[#This Row],[Perfect Hit Multiplier]])/Table6[[#This Row],[Preptime]], 2) -> 0 | Q6: =ROUND((Table6[[#This Row],[Intensity]]* 0.5)/Table6[[#This Row],[Preptime]], 2) -> 0 | R6: =ROUND((Table6[[#This Row],[Intensity]]* 2)/Table6[[#This Row],[Preptime]], 2) -> 0 | S6: =ROUNDUP((Table6[[#This Row],[Intensity]]*Table6[[#This Row],[Perfect Hit Multiplier]]*0.5)/Table6[[#This Row],[Preptime]], 2) -> 0 | T6: =ROUNDUP((Table6[[#This Row],[Intensity]]*Table6[[#This Row],[Perfect Hit Multiplier]]*2)/Table6[[#This Row],[Preptime]], 2) -> 0 | U6: =IF(Table6[[#This Row],[Elemental Type]] = Tools!$A$2,FALSE,TRUE) -> TRUE | V6: =IF(Table6[[#This Row],[Perfectable?]],IF(Table6[[#This Row],[Elements]], TRUE, FALSE),FALSE) -> FALSE
A7: Focus | B7: Purity | C7: Self | D7: 0 | E7: 1 | F7: 2 | G7: 1 | H7: FALSE | I7: 2 | J7: =ROUNDUP(Table6[[#This Row],[Intensity]]*Table6[[#This Row],[Perfect Hit Multiplier]], 0) -> 2 | K7: =ROUNDUP(Table6[[#This Row],[Intensity]]*0.5,0) -> 1 | L7: =ROUNDUP(Table6[[#This Row],[Intensity]]*2,0) -> 2 | M7: =ROUNDUP(Table6[[#This Row],[Intensity]]*Table6[[#This Row],[Perfect Hit Multiplier]]*0.5, 0) -> 1 | N7: =ROUNDUP(Table6[[#This Row],[Intensity]]*Table6[[#This Row],[Perfect Hit Multiplier]]*2, 0) -> 4 | O7: =ROUND(Table6[[#This Row],[Intensity]]/Table6[[#This Row],[Preptime]], 2) -> 0.5 | P7: =ROUND((Table6[[#This Row],[Intensity]]*Table6[[#This Row],[Perfect Hit Multiplier]])/Table6[[#This Row],[Preptime]], 2) -> 1 | Q7: =ROUND((Table6[[#This Row],[Intensity]]* 0.5)/Table6[[#This Row],[Preptime]], 2) -> 0.25 | R7: =ROUND((Table6[[#This Row],[Intensity]]* 2)/Table6[[#This Row],[Preptime]], 2) -> 1 | S7: =ROUNDUP((Table6[[#This Row],[Intensity]]*Table6[[#This Row],[Perfect Hit Multiplier]]*0.5)/Table6[[#This Row],[Preptime]], 2) -> 0.5 | T7: =ROUNDUP((Table6[[#This Row],[Intensity]]*Table6[[#This Row],[Perfect Hit Multiplier]]*2)/Table6[[#This Row],[Preptime]], 2) -> 2 | U7: =IF(Table6[[#This Row],[Elemental Type]] = Tools!$A$2,FALSE,TRUE) -> TRUE | V7: =IF(Table6[[#This Row],[Perfectable?]],IF(Table6[[#This Row],[Elements]], TRUE, FALSE),FALSE) -> FALSE
A8: Barrage | B8: Power | C8: SingleEnemy | D8: 0 | E8: 1 | F8: 1 | G8: 1 | H8: TRUE | I8: 1.5 | J8: =ROUNDUP(Table6[[#This Row],[Intensity]]*Table6[[#This Row],[Perfect Hit Multiplier]], 0) -> 2 | K8: =ROUNDUP(Table6[[#This Row],[Intensity]]*0.5,0) -> 1 | L8: =ROUNDUP(Table6[[#This Row],[Intensity]]*2,0) -> 2 | M8: =ROUNDUP(Table6[[#This Row],[Intensity]]*Table6[[#This Row],[Perfect Hit Multiplier]]*0.5, 0) -> 1 | N8: =ROUNDUP(Table6[[#This Row],[Intensity]]*Table6[[#This Row],[Perfect Hit Multiplier]]*2, 0) -> 3 | O8: =ROUND(Table6[[#This Row],[Intensity]]/Table6[[#This Row],[Preptime]], 2) -> 1 | P8: =ROUND((Table6[[#This Row],[Intensity]]*Table6[[#This Row],[Perfect Hit Multiplier]])/Table6[[#This Row],[Preptime]], 2) -> 1.5 | Q8: =ROUND((Table6[[#This Row],[Intensity]]* 0.5)/Table6[[#This Row],[Preptime]], 2) -> 0.5 | R8: =ROUND((Table6[[#This Row],[Intensity]]* 2)/Table6[[#This Row],[Preptime]], 2) -> 2 | S8: =ROUNDUP((Table6[[#This Row],[Intensity]]*Table6[[#This Row],[Perfect Hit Multiplier]]*0.5)/Table6[[#This Row],[Preptime]], 2) -> 0.75 | T8: =ROUNDUP((Table6[[#This Row],[Intensity]]*Table6[[#This Row],[Perfect Hit Multiplier]]*2)/Table6[[#This Row],[Preptime]], 2) -> 3 | U8: =IF(Table6[[#This Row],[Elemental Type]] = Tools!$A$2,FALSE,TRUE) -> TRUE | V8: =IF(Table6[[#This Row],[Perfectable?]],IF(Table6[[#This Row],[Elements]], TRUE, FALSE),FALSE) -> TRUE
A9: Headbutt | B9: Money | C9: SingleEnemy | D9: 0 | E9: 4 | F9: 3 | G9: 3 | H9: TRUE | I9: 2 | J9: =ROUNDUP(Table6[[#This Row],[Intensity]]*Table6[[#This Row],[Perfect Hit Multiplier]], 0) -> 8 | K9: =ROUNDUP(Table6[[#This Row],[Intensity]]*0.5,0) -> 2 | L9: =ROUNDUP(Table6[[#This Row],[Intensity]]*2,0) -> 8 | M9: =ROUNDUP(Table6[[#This Row],[Intensity]]*Table6[[#This Row],[Perfect Hit Multiplier]]*0.5, 0) -> 4 | N9: =ROUNDUP(Table6[[#This Row],[Intensity]]*Table6[[#This Row],[Perfect Hit Multiplier]]*2, 0) -> 16 | O9: =ROUND(Table6[[#This Row],[Intensity]]/Table6[[#This Row],[Preptime]], 2) -> 1.33 | P9: =ROUND((Table6[[#This Row],[Intensity]]*Table6[[#This Row],[Perfect Hit Multiplier]])/Table6[[#This Row],[Preptime]], 2) -> 2.67 | Q9: =ROUND((Table6[[#This Row],[Intensity]]* 0.5)/Table6[[#This Row],[Preptime]], 2) -> 0.67 | R9: =ROUND((Table6[[#This Row],[Intensity]]* 2)/Table6[[#This Row],[Preptime]], 2) -> 2.67 | S9: =ROUNDUP((Table6[[#This Row],[Intensity]]*Table6[[#This Row],[Perfect Hit Multiplier]]*0.5)/Table6[[#This Row],[Preptime]], 2) -> 1.34 | T9: =ROUNDUP((Table6[[#This Row],[Intensity]]*Table6[[#This Row],[Perfect Hit Multiplier]]*2)/Table6[[#This Row],[Preptime]], 2) -> 5.34 | U9: =IF(Table6[[#This Row],[Elemental Type]] = Tools!$A$2,FALSE,TRUE) -> TRUE | V9: =IF(Table6[[#This Row],[Perfectable?]],IF(Table6[[#This Row],[Elements]], TRUE, FALSE),FALSE) -> TRUE
A10: Calm Punch | B10: Fame | C10: SingleEnemy | D10: 0 | E10: 2 | F10: 2 | G10: 2 | H10: TRUE | I10: 1.5 | J10: =ROUNDUP(Table6[[#This Row],[Intensity]]*Table6[[#This Row],[Perfect Hit Multiplier]], 0) -> 3 | K10: =ROUNDUP(Table6[[#This Row],[Intensity]]*0.5,0) -> 1 | L10: =ROUNDUP(Table6[[#This Row],[Intensity]]*2,0) -> 4 | M10: =ROUNDUP(Table6[[#This Row],[Intensity]]*Table6[[#This Row],[Perfect Hit Multiplier]]*0.5, 0) -> 2 | N10: =ROUNDUP(Table6[[#This Row],[Intensity]]*Table6[[#This Row],[Perfect Hit Multiplier]]*2, 0) -> 6 | O10: =ROUND(Table6[[#This Row],[Intensity]]/Table6[[#This Row],[Preptime]], 2) -> 1 | P10: =ROUND((Table6[[#This Row],[Intensity]]*Table6[[#This Row],[Perfect Hit Multiplier]])/Table6[[#This Row],[Preptime]], 2) -> 1.5 | Q10: =ROUND((Table6[[#This Row],[Intensity]]* 0.5)/Table6[[#This Row],[Preptime]], 2) -> 0.5 | R10: =ROUND((Table6[[#This Row],[Intensity]]* 2)/Table6[[#This Row],[Preptime]], 2) -> 2 | S10: =ROUNDUP((Table6[[#This Row],[Intensity]]*Table6[[#This Row],[Perfect Hit Multiplier]]*0.5)/Table6[[#This Row],[Preptime]], 2) -> 0.75 | T10: =ROUNDUP((Table6[[#This Row],[Intensity]]*Table6[[#This Row],[Perfect Hit Multiplier]]*2)/Table6[[#This Row],[Preptime]], 2) -> 3 | U10: =IF(Table6[[#This Row],[Elemental Type]] = Tools!$A$2,FALSE,TRUE) -> TRUE | V10: =IF(Table6[[#This Row],[Perfectable?]],IF(Table6[[#This Row],[Elements]], TRUE, FALSE),FALSE) -> TRUE
A11: Focused Strike | B11: Fame | C11: SingleEnemy | D11: 0 | E11: 1 | F11: 2 | G11: 1 | H11: TRUE | I11: 1.5 | J11: =ROUNDUP(Table6[[#This Row],[Intensity]]*Table6[[#This Row],[Perfect Hit Multiplier]], 0) -> 2 | K11: =ROUNDUP(Table6[[#This Row],[Intensity]]*0.5,0) -> 1 | L11: =ROUNDUP(Table6[[#This Row],[Intensity]]*2,0) -> 2 | M11: =ROUNDUP(Table6[[#This Row],[Intensity]]*Table6[[#This Row],[Perfect Hit Multiplier]]*0.5, 0) -> 1 | N11: =ROUNDUP(Table6[[#This Row],[Intensity]]*Table6[[#This Row],[Perfect Hit Multiplier]]*2, 0) -> 3 | O11: =ROUND(Table6[[#This Row],[Intensity]]/Table6[[#This Row],[Preptime]], 2) -> 0.5 | P11: =ROUND((Table6[[#This Row],[Intensity]]*Table6[[#This Row],[Perfect Hit Multiplier]])/Table6[[#This Row],[Preptime]], 2) -> 0.75 | Q11: =ROUND((Table6[[#This Row],[Intensity]]* 0.5)/Table6[[#This Row],[Preptime]], 2) -> 0.25 | R11: =ROUND((Table6[[#This Row],[Intensity]]* 2)/Table6[[#This Row],[Preptime]], 2) -> 1 | S11: =ROUNDUP((Table6[[#This Row],[Intensity]]*Table6[[#This Row],[Perfect Hit Multiplier]]*0.5)/Table6[[#This Row],[Preptime]], 2) -> 0.38 | T11: =ROUNDUP((Table6[[#This Row],[Intensity]]*Table6[[#This Row],[Perfect Hit Multiplier]]*2)/Table6[[#This Row],[Preptime]], 2) -> 1.5 | U11: =IF(Table6[[#This Row],[Elemental Type]] = Tools!$A$2,FALSE,TRUE) -> TRUE | V11: =IF(Table6[[#This Row],[Perfectable?]],IF(Table6[[#This Row],[Elements]], TRUE, FALSE),FALSE) -> TRUE
A12: Strong Swing | B12: Power | C12: SingleEnemy | D12: 0 | E12: 5 | F12: 5 | G12: 4 | H12: TRUE | I12: 2 | J12: =ROUNDUP(Table6[[#This Row],[Intensity]]*Table6[[#This Row],[Perfect Hit Multiplier]], 0) -> 10 | K12: =ROUNDUP(Table6[[#This Row],[Intensity]]*0.5,0) -> 3 | L12: =ROUNDUP(Table6[[#This Row],[Intensity]]*2,0) -> 10 | M12: =ROUNDUP(Table6[[#This Row],[Intensity]]*Table6[[#This Row],[Perfect Hit Multiplier]]*0.5, 0) -> 5 | N12: =ROUNDUP(Table6[[#This Row],[Intensity]]*Table6[[#This Row],[Perfect Hit Multiplier]]*2, 0) -> 20 | O12: =ROUND(Table6[[#This Row],[Intensity]]/Table6[[#This Row],[Preptime]], 2) -> 1 | P12: =ROUND((Table6[[#This Row],[Intensity]]*Table6[[#This Row],[Perfect Hit Multiplier]])/Table6[[#This Row],[Preptime]], 2) -> 2 | Q12: =ROUND((Table6[[#This Row],[Intensity]]* 0.5)/Table6[[#This Row],[Preptime]], 2) -> 0.5 | R12: =ROUND((Table6[[#This Row],[Intensity]]* 2)/Table6[[#This Row],[Preptime]], 2) -> 2 | S12: =ROUNDUP((Table6[[#This Row],[Intensity]]*Table6[[#This Row],[Perfect Hit Multiplier]]*0.5)/Table6[[#This Row],[Preptime]], 2) -> 1 | T12: =ROUNDUP((Table6[[#This Row],[Intensity]]*Table6[[#This Row],[Perfect Hit Multiplier]]*2)/Table6[[#This Row],[Preptime]], 2) -> 4 | U12: =IF(Table6[[#This Row],[Elemental Type]] = Tools!$A$2,FALSE,TRUE) -> TRUE | V12: =IF(Table6[[#This Row],[Perfectable?]],IF(Table6[[#This Row],[Elements]], TRUE, FALSE),FALSE) -> TRUE
A13: Poke | B13: Money | C13: SingleEnemy | D13: 0 | E13: 1 | F13: 1 | G13: 1 | H13: TRUE | I13: 1.5 | J13: =ROUNDUP(Table6[[#This Row],[Intensity]]*Table6[[#This Row],[Perfect Hit Multiplier]], 0) -> 2 | K13: =ROUNDUP(Table6[[#This Row],[Intensity]]*0.5,0) -> 1 | L13: =ROUNDUP(Table6[[#This Row],[Intensity]]*2,0) -> 2 | M13: =ROUNDUP(Table6[[#This Row],[Intensity]]*Table6[[#This Row],[Perfect Hit Multiplier]]*0.5, 0) -> 1 | N13: =ROUNDUP(Table6[[#This Row],[Intensity]]*Table6[[#This Row],[Perfect Hit Multiplier]]*2, 0) -> 3 | O13: =ROUND(Table6[[#This Row],[Intensity]]/Table6[[#This Row],[Preptime]], 2) -> 1 | P13: =ROUND((Table6[[#This Row],[Intensity]]*Table6[[#This Row],[Perfect Hit Multiplier]])/Table6[[#This Row],[Preptime]], 2) -> 1.5 | Q13: =ROUND((Table6[[#This Row],[Intensity]]* 0.5)/Table6[[#This Row],[Preptime]], 2) -> 0.5 | R13: =ROUND((Table6[[#This Row],[Intensity]]* 2)/Table6[[#This Row],[Preptime]], 2) -> 2 | S13: =ROUNDUP((Table6[[#This Row],[Intensity]]*Table6[[#This Row],[Perfect Hit Multiplier]]*0.5)/Table6[[#This Row],[Preptime]], 2) -> 0.75 | T13: =ROUNDUP((Table6[[#This Row],[Intensity]]*Table6[[#This Row],[Perfect Hit Multiplier]]*2)/Table6[[#This Row],[Preptime]], 2) -> 3 | U13: =IF(Table6[[#This Row],[Elemental Type]] = Tools!$A$2,FALSE,TRUE) -> TRUE | V13: =IF(Table6[[#This Row],[Perfectable?]],IF(Table6[[#This Row],[Elements]], TRUE, FALSE),FALSE) -> TRUE
A14: Devistating Blow | B14: Corruption | C14: SingleEnemy | D14: 3 | E14: 5 | F14: 3 | G14: 5 | H14: TRUE | I14: 2.5 | J14: =ROUNDUP(Table6[[#This Row],[Intensity]]*Table6[[#This Row],[Perfect Hit Multiplier]], 0) -> 13 | K14: =ROUNDUP(Table6[[#This Row],[Intensity]]*0.5,0) -> 3 | L14: =ROUNDUP(Table6[[#This Row],[Intensity]]*2,0) -> 10 | M14: =ROUNDUP(Table6[[#This Row],[Intensity]]*Table6[[#This Row],[Perfect Hit Multiplier]]*0.5, 0) -> 7 | N14: =ROUNDUP(Table6[[#This Row],[Intensity]]*Table6[[#This Row],[Perfect Hit Multiplier]]*2, 0) -> 25 | O14: =ROUND(Table6[[#This Row],[Intensity]]/Table6[[#This Row],[Preptime]], 2) -> 1.67 | P14: =ROUND((Table6[[#This Row],[Intensity]]*Table6[[#This Row],[Perfect Hit Multiplier]])/Table6[[#This Row],[Preptime]], 2) -> 4.17 | Q14: =ROUND((Table6[[#This Row],[Intensity]]* 0.5)/Table6[[#This Row],[Preptime]], 2) -> 0.83 | R14: =ROUND((Table6[[#This Row],[Intensity]]* 2)/Table6[[#This Row],[Preptime]], 2) -> 3.33 | S14: =ROUNDUP((Table6[[#This Row],[Intensity]]*Table6[[#This Row],[Perfect Hit Multiplier]]*0.5)/Table6[[#This Row],[Preptime]], 2) -> 2.09 | T14: =ROUNDUP((Table6[[#This Row],[Intensity]]*Table6[[#This Row],[Perfect Hit Multiplier]]*2)/Table6[[#This Row],[Preptime]], 2) -> 8.34 | U14: =IF(Table6[[#This Row],[Elemental Type]] = Tools!$A$2,FALSE,TRUE) -> TRUE | V14: =IF(Table6[[#This Row],[Perfectable?]],IF(Table6[[#This Row],[Elements]], TRUE, FALSE),FALSE) -> TRUE

Sheet Tools
A1: Elemental Types | D1: Targetting Types | F1: Skill Type | H1: Enemies | J1: Action Type | L1: Encounter Type | N1: AVRAGE ENEMY HP
A2: None | B2: - Grey | D2: Self | F2: Damage | H2: None | J2: None | L2: Regular | N2: =ROUND(AVERAGE(Enemies!D2:D4), 0) -> 17
A3: Power | B3: - Red | D3: SingleEnemy | F3: Buff | H3: Shameling | J3: EnemyAtk | L3: Scripted
A4: Money | B4: - Green | D4: AllEnemies | F4: Debuff | H4: NewYear | J4: PlayerAtk
A5: Fame | B5: - Blue | F5: Heal | H5: Shamefool | J5: SpeedUp
A6: Corruption | B6: - Purple | H6: OldYear | J6: SpeedDown
A7: Purity | B7: - Yellow | H7: TongueTwister | J7: ReverseStart
J8: ReverseEnd
J9: PortalStart
J10: PortalEnd
